lat,lon,name,capacity,fee,access
33.7662024,-118.1986712,Unnamed Parking Structure,Unknown,Unknown,customers
33.81769854666666,-118.14357634,Unnamed Parking Structure,Unknown,yes,customers
33.763687665714286,-118.19644543714286,Unnamed Parking Structure,Unknown,yes,yes
33.77245324,-118.19176564,Unnamed Parking Structure,Unknown,yes,yes
33.773448165217395,-118.19140066956521,Unnamed Parking Structure,Unknown,yes,yes
33.83126660943396,-118.14109095849057,Boeing Parking Structure,Unknown,Unknown,private
33.78731253043478,-118.10942347391305,Palo Verde North Parking Structure,Unknown,yes,customers
33.8308106,-118.13469214,parking structure,Unknown,Unknown,Unknown
33.764877606666666,-118.1919992,Unnamed Parking Structure,Unknown,yes,yes
33.76420525555555,-118.19199273333334,Unnamed Parking Structure,Unknown,yes,yes
33.76784671818182,-118.19005740909091,Unnamed Parking Structure,Unknown,Unknown,Unknown
33.83665230909091,-118.1890326909091,Unnamed Parking Structure,Unknown,Unknown,Unknown
33.80939915,-118.18837268333334,Parking structure,Unknown,Unknown,Unknown
33.80752984285714,-118.14657674285715,parking structure,Unknown,Unknown,Unknown
33.81830283559322,-118.14192465423729,Unnamed Parking Structure,Unknown,yes,yes
33.76767323333333,-118.19192103333334,Unnamed Parking Structure,Unknown,Unknown,customers
33.768325375,-118.1928412875,Unnamed Parking Structure,Unknown,Unknown,Unknown
33.750534723076925,-118.19068687948717,Unnamed Parking Structure,Unknown,yes,Unknown
33.79042997777778,-118.17261064444445,P2,Unknown,Unknown,Unknown
33.771213010000004,-118.19133265999999,Unnamed Parking Structure,Unknown,yes,yes
33.78045338076923,-118.18741037692308,Unnamed Parking Structure,Unknown,Unknown,private
33.7871657625,-118.14110728125,Unnamed Parking Structure,Unknown,Unknown,Unknown
33.78793895625,-118.1413259125,Unnamed Parking Structure,Unknown,Unknown,private
33.78940003157895,-118.14468562631579,Unnamed Parking Structure,Unknown,no,customers
33.805910250000004,-118.1904769625,Unnamed Parking Structure,Unknown,Unknown,Unknown
33.80681445555555,-118.18763533333333,"Parking structure for Visitors, Employee, Volunteers",Unknown,Unknown,Unknown
33.8093078375,-118.135603290625,AmeriFleet Transportation Suite 350,Unknown,Unknown,Unknown
33.83083379166667,-118.13467950833332,Unnamed Parking Structure,Unknown,Unknown,Unknown
33.7646470952381,-118.19957435873016,Unnamed Parking Structure,Unknown,yes,yes
33.7683676,-118.19332096470589,Unnamed Parking Structure,Unknown,Unknown,private
33.7689057,-118.19570674090909,Unnamed Parking Structure,Unknown,yes,yes
33.76839621111111,-118.19854764444443,Parking structure (for courthouse),Unknown,yes,yes
33.7652618923913,-118.19620577934782,Unnamed Parking Structure,Unknown,yes,yes
33.786170764,-118.109486848,Palo Verde South Parking Structure,Unknown,Unknown,Unknown
33.78583287222222,-118.1156876,Pyramid Parking Structure,Unknown,Unknown,Unknown
33.75725489166667,-118.1117969,Unnamed Parking Structure,Unknown,no,customers
33.7686262,-118.19678296363637,Unnamed Parking Structure,Unknown,Unknown,private
33.82392267777778,-118.16676152222223,Unnamed Parking Structure,Unknown,Unknown,Unknown
33.7805289,-118.18737825,Unnamed Parking Structure,Unknown,Unknown,Unknown
33.7676394,-118.1854398,Unnamed Parking Structure,Unknown,Unknown,Unknown
33.76530324117647,-118.18752702941177,Unnamed Parking Structure,Unknown,Unknown,Unknown
33.76896836,-118.18443318,Unnamed Parking Structure,Unknown,Unknown,Unknown
33.76763365833333,-118.18545189166667,Unnamed Parking Structure,Unknown,Unknown,Unknown
33.76893355833334,-118.195776675,Unnamed Parking Structure,Unknown,yes,yes
33.76865831,-118.19684073,Unnamed Parking Structure,Unknown,Unknown,private
33.773530425000004,-118.19139475,Unnamed Parking Structure,Unknown,yes,yes
33.77236215,-118.191712525,Unnamed Parking Structure,Unknown,yes,yes
33.7554415,-118.10981425,Unnamed Parking Structure,Unknown,yes,customers
33.7661411375,-118.1986636875,Unnamed Parking Structure,Unknown,Unknown,Unknown
33.7509611,-118.190979,Unnamed Parking Structure,Unknown,Unknown,Unknown
33.7504262,-118.1900663,Unnamed Parking Structure,Unknown,Unknown,Unknown
33.7498793,-118.1907461,Unnamed Parking Structure,Unknown,Unknown,Unknown
33.74988,-118.1906841,Unnamed Parking Structure,Unknown,Unknown,Unknown
33.7499056,-118.190716,Unnamed Parking Structure,Unknown,Unknown,Unknown
33.7504676,-118.1914808,Unnamed Parking Structure,Unknown,Unknown,Unknown
33.7504907,-118.1899502,Unnamed Parking Structure,Unknown,Unknown,Unknown
33.7504923,-118.1914525,Unnamed Parking Structure,Unknown,Unknown,Unknown
33.7505045,-118.1899675,Unnamed Parking Structure,Unknown,Unknown,Unknown
33.7505066,-118.1915004,Unnamed Parking Structure,Unknown,Unknown,Unknown
33.7505192,-118.191486,Unnamed Parking Structure,Unknown,Unknown,Unknown
33.7505339,-118.1899007,Unnamed Parking Structure,Unknown,Unknown,Unknown
33.7505461,-118.1899249,Unnamed Parking Structure,Unknown,Unknown,Unknown
33.7505482,-118.1900221,Unnamed Parking Structure,Unknown,Unknown,Unknown
33.7505434,-118.1899115,Unnamed Parking Structure,Unknown,Unknown,Unknown
33.7505503,-118.1899201,Unnamed Parking Structure,Unknown,Unknown,Unknown
33.7505614,-118.1915687,Unnamed Parking Structure,Unknown,Unknown,Unknown
33.7505716,-118.1900527,Unnamed Parking Structure,Unknown,Unknown,Unknown
33.7505679,-118.1915613,Unnamed Parking Structure,Unknown,Unknown,Unknown
33.7505707,-118.1899556,Unnamed Parking Structure,Unknown,Unknown,Unknown
33.7505744,-118.1899514,Unnamed Parking Structure,Unknown,Unknown,Unknown
33.7505784,-118.1915818,Unnamed Parking Structure,Unknown,Unknown,Unknown
33.7505808,-118.1899594,Unnamed Parking Structure,Unknown,Unknown,Unknown
33.7505912,-118.1899728,Unnamed Parking Structure,Unknown,Unknown,Unknown
33.7507635,-118.1911982,Unnamed Parking Structure,Unknown,Unknown,Unknown
33.7508239,-118.1913423,Unnamed Parking Structure,Unknown,Unknown,Unknown
33.7508415,-118.1913741,Unnamed Parking Structure,Unknown,Unknown,Unknown
33.7508569,-118.1913163,Unnamed Parking Structure,Unknown,Unknown,Unknown
33.7510691,-118.1907857,Unnamed Parking Structure,Unknown,Unknown,Unknown
33.7510967,-118.1908206,Unnamed Parking Structure,Unknown,Unknown,Unknown
33.7510939,-118.1907593,Unnamed Parking Structure,Unknown,Unknown,Unknown
33.7505475,-118.190081,Unnamed Parking Structure,Unknown,Unknown,Unknown
33.7499247,-118.1908027,Unnamed Parking Structure,Unknown,Unknown,Unknown
33.7498991,-118.1907708,Unnamed Parking Structure,Unknown,Unknown,Unknown
33.7504354,-118.1914406,Unnamed Parking Structure,Unknown,Unknown,Unknown
33.7510179,-118.1909097,Unnamed Parking Structure,Unknown,Unknown,Unknown
33.7508023,-118.1911591,Unnamed Parking Structure,Unknown,Unknown,Unknown
33.7502959,-118.1902085,Unnamed Parking Structure,Unknown,Unknown,Unknown
33.7500345,-118.1905075,Unnamed Parking Structure,Unknown,Unknown,Unknown
33.7660552,-118.1984791,Unnamed Parking Structure,Unknown,Unknown,Unknown
33.7652132,-118.1964115,Unnamed Parking Structure,Unknown,Unknown,Unknown
33.7644478,-118.1965053,Unnamed Parking Structure,Unknown,Unknown,Unknown
33.7640655,-118.1958042,Unnamed Parking Structure,Unknown,Unknown,Unknown
33.7634045,-118.1962451,Unnamed Parking Structure,Unknown,Unknown,Unknown
33.7632994,-118.1961921,Unnamed Parking Structure,Unknown,Unknown,Unknown
33.7632675,-118.1962012,Unnamed Parking Structure,Unknown,Unknown,Unknown
33.763257,-118.1962606,Unnamed Parking Structure,Unknown,Unknown,Unknown
33.7632794,-118.1963262,Unnamed Parking Structure,Unknown,Unknown,Unknown
33.7632738,-118.1963496,Unnamed Parking Structure,Unknown,Unknown,Unknown
33.7632951,-118.1963804,Unnamed Parking Structure,Unknown,Unknown,Unknown
33.7633138,-118.1963889,Unnamed Parking Structure,Unknown,Unknown,Unknown
33.7633422,-118.1964133,Unnamed Parking Structure,Unknown,Unknown,Unknown
33.763368,-118.1964283,Unnamed Parking Structure,Unknown,Unknown,Unknown
33.7633377,-118.1964607,Unnamed Parking Structure,Unknown,Unknown,Unknown
33.763693,-118.1971046,Unnamed Parking Structure,Unknown,Unknown,Unknown
33.7637617,-118.1970511,Unnamed Parking Structure,Unknown,Unknown,Unknown
33.7637872,-118.1970977,Unnamed Parking Structure,Unknown,Unknown,Unknown
33.7657281,-118.1959032,Unnamed Parking Structure,Unknown,Unknown,Unknown
33.765711,-118.1959815,Unnamed Parking Structure,Unknown,Unknown,Unknown
33.7656318,-118.1961099,Unnamed Parking Structure,Unknown,Unknown,Unknown
33.7646877,-118.1954011,Unnamed Parking Structure,Unknown,Unknown,Unknown
33.7646796,-118.1953666,Unnamed Parking Structure,Unknown,Unknown,Unknown
33.7654763,-118.1966306,Unnamed Parking Structure,Unknown,Unknown,Unknown
33.7660824,-118.1990714,Unnamed Parking Structure,Unknown,Unknown,Unknown
33.7639709,-118.1958066,Unnamed Parking Structure,Unknown,Unknown,Unknown
33.7640008,-118.1958565,Unnamed Parking Structure,Unknown,Unknown,Unknown
33.7653159,-118.1950329,Unnamed Parking Structure,Unknown,Unknown,Unknown
33.7653286,-118.1950225,Unnamed Parking Structure,Unknown,Unknown,Unknown
33.765577,-118.1965627,Unnamed Parking Structure,Unknown,Unknown,Unknown
33.7657601,-118.196372,Unnamed Parking Structure,Unknown,Unknown,Unknown
33.7640826,-118.1996473,Unnamed Parking Structure,Unknown,Unknown,Unknown
33.7640835,-118.1988688,Unnamed Parking Structure,Unknown,Unknown,Unknown
33.7640841,-118.2001691,Unnamed Parking Structure,Unknown,Unknown,Unknown
33.7640843,-118.1985735,Unnamed Parking Structure,Unknown,Unknown,Unknown
33.7640847,-118.2002998,Unnamed Parking Structure,Unknown,Unknown,Unknown
33.7640847,-118.2005355,Unnamed Parking Structure,Unknown,Unknown,Unknown
33.7640853,-118.1989967,Unnamed Parking Structure,Unknown,Unknown,Unknown
33.7640814,-118.1995216,Unnamed Parking Structure,Unknown,Unknown,Unknown
33.76413,-118.1985202,Unnamed Parking Structure,Unknown,Unknown,Unknown
33.7641323,-118.2005912,Unnamed Parking Structure,Unknown,Unknown,Unknown
33.7646957,-118.1954168,Unnamed Parking Structure,Unknown,Unknown,Unknown
33.7647124,-118.1985182,Unnamed Parking Structure,Unknown,Unknown,Unknown
33.7647174,-118.2005905,Unnamed Parking Structure,Unknown,Unknown,Unknown
33.764713,-118.1953413,Unnamed Parking Structure,Unknown,Unknown,Unknown
33.76472,-118.1954547,Unnamed Parking Structure,Unknown,Unknown,Unknown
33.7647353,-118.1953371,Unnamed Parking Structure,Unknown,Unknown,Unknown
33.7647442,-118.1954683,Unnamed Parking Structure,Unknown,Unknown,Unknown
33.7647485,-118.198881,Unnamed Parking Structure,Unknown,Unknown,Unknown
33.7647486,-118.1989224,Unnamed Parking Structure,Unknown,Unknown,Unknown
33.7647487,-118.1995511,Unnamed Parking Structure,Unknown,Unknown,Unknown
33.7647489,-118.1989008,Unnamed Parking Structure,Unknown,Unknown,Unknown
33.764749,-118.1989802,Unnamed Parking Structure,Unknown,Unknown,Unknown
33.764749,-118.1995322,Unnamed Parking Structure,Unknown,Unknown,Unknown
33.7647491,-118.1996308,Unnamed Parking Structure,Unknown,Unknown,Unknown
33.7647584,-118.1954724,Unnamed Parking Structure,Unknown,Unknown,Unknown
33.7647495,-118.199572,Unnamed Parking Structure,Unknown,Unknown,Unknown
33.7647498,-118.2002835,Unnamed Parking Structure,Unknown,Unknown,Unknown
33.7647501,-118.2002244,Unnamed Parking Structure,Unknown,Unknown,Unknown
33.7647504,-118.2002031,Unnamed Parking Structure,Unknown,Unknown,Unknown
33.7647505,-118.2001826,Unnamed Parking Structure,Unknown,Unknown,Unknown
33.7647586,-118.1985708,Unnamed Parking Structure,Unknown,Unknown,Unknown
33.7647598,-118.1988686,Unnamed Parking Structure,Unknown,Unknown,Unknown
33.7647603,-118.1996444,Unnamed Parking Structure,Unknown,Unknown,Unknown
33.7647605,-118.1989936,Unnamed Parking Structure,Unknown,Unknown,Unknown
33.7647612,-118.1995182,Unnamed Parking Structure,Unknown,Unknown,Unknown
33.7647617,-118.2001719,Unnamed Parking Structure,Unknown,Unknown,Unknown
33.7647629,-118.2005359,Unnamed Parking Structure,Unknown,Unknown,Unknown
33.764763,-118.2002961,Unnamed Parking Structure,Unknown,Unknown,Unknown
33.7647718,-118.1954762,Unnamed Parking Structure,Unknown,Unknown,Unknown
33.7647752,-118.1989,Unnamed Parking Structure,Unknown,Unknown,Unknown
33.7647762,-118.1989221,Unnamed Parking Structure,Unknown,Unknown,Unknown
33.7647766,-118.1989612,Unnamed Parking Structure,Unknown,Unknown,Unknown
33.7647769,-118.1995517,Unnamed Parking Structure,Unknown,Unknown,Unknown
33.764777,-118.1996129,Unnamed Parking Structure,Unknown,Unknown,Unknown
33.7647773,-118.1995722,Unnamed Parking Structure,Unknown,Unknown,Unknown
33.7647788,-118.2002032,Unnamed Parking Structure,Unknown,Unknown,Unknown
33.764779,-118.2002635,Unnamed Parking Structure,Unknown,Unknown,Unknown
33.7647794,-118.2002238,Unnamed Parking Structure,Unknown,Unknown,Unknown
33.7647814,-118.1988914,Unnamed Parking Structure,Unknown,Unknown,Unknown
33.7647828,-118.1995451,Unnamed Parking Structure,Unknown,Unknown,Unknown
33.7647833,-118.1989667,Unnamed Parking Structure,Unknown,Unknown,Unknown
33.7647834,-118.1996209,Unnamed Parking Structure,Unknown,Unknown,Unknown
33.7647854,-118.2001946,Unnamed Parking Structure,Unknown,Unknown,Unknown
33.7647862,-118.2002699,Unnamed Parking Structure,Unknown,Unknown,Unknown
33.7647951,-118.1989665,Unnamed Parking Structure,Unknown,Unknown,Unknown
33.7647952,-118.1988897,Unnamed Parking Structure,Unknown,Unknown,Unknown
33.7647962,-118.1995429,Unnamed Parking Structure,Unknown,Unknown,Unknown
33.7647975,-118.2002702,Unnamed Parking Structure,Unknown,Unknown,Unknown
33.7647982,-118.199619,Unnamed Parking Structure,Unknown,Unknown,Unknown
33.7647988,-118.2001949,Unnamed Parking Structure,Unknown,Unknown,Unknown
33.7648017,-118.1989584,Unnamed Parking Structure,Unknown,Unknown,Unknown
33.7648029,-118.1988982,Unnamed Parking Structure,Unknown,Unknown,Unknown
33.7648034,-118.1995508,Unnamed Parking Structure,Unknown,Unknown,Unknown
33.7648039,-118.1996111,Unnamed Parking Structure,Unknown,Unknown,Unknown
33.7648041,-118.2002636,Unnamed Parking Structure,Unknown,Unknown,Unknown
33.764806,-118.2002024,Unnamed Parking Structure,Unknown,Unknown,Unknown
33.7648535,-118.1952194,Unnamed Parking Structure,Unknown,Unknown,Unknown
33.7648674,-118.195251,Unnamed Parking Structure,Unknown,Unknown,Unknown
33.7650362,-118.1951009,Unnamed Parking Structure,Unknown,Unknown,Unknown
33.7650601,-118.1951177,Unnamed Parking Structure,Unknown,Unknown,Unknown
33.7651315,-118.1962976,Unnamed Parking Structure,Unknown,Unknown,Unknown
33.7651478,-118.1962839,Unnamed Parking Structure,Unknown,Unknown,Unknown
33.7651578,-118.1963493,Unnamed Parking Structure,Unknown,Unknown,Unknown
33.7651752,-118.1963575,Unnamed Parking Structure,Unknown,Unknown,Unknown
33.7652275,-118.19501,Unnamed Parking Structure,Unknown,Unknown,Unknown
33.7652341,-118.1949647,Unnamed Parking Structure,Unknown,Unknown,Unknown
33.7652532,-118.1967785,Unnamed Parking Structure,Unknown,Unknown,Unknown
33.7655928,-118.1965521,Unnamed Parking Structure,Unknown,Unknown,Unknown
33.7656118,-118.1965928,Unnamed Parking Structure,Unknown,Unknown,Unknown
33.7656502,-118.1960264,Unnamed Parking Structure,Unknown,Unknown,Unknown
33.7656645,-118.1965582,Unnamed Parking Structure,Unknown,Unknown,Unknown
33.7657816,-118.1964202,Unnamed Parking Structure,Unknown,Unknown,Unknown
33.7661735,-118.1983296,Unnamed Parking Structure,Unknown,Unknown,Unknown
33.7663348,-118.1990714,Unnamed Parking Structure,Unknown,Unknown,Unknown
33.7663314,-118.1983285,Unnamed Parking Structure,Unknown,Unknown,Unknown
33.7656457,-118.1965171,Unnamed Parking Structure,Unknown,Unknown,Unknown
33.7652611,-118.1949605,Unnamed Parking Structure,Unknown,Unknown,Unknown
33.7652708,-118.1949621,Unnamed Parking Structure,Unknown,Unknown,Unknown
33.7652802,-118.1949651,Unnamed Parking Structure,Unknown,Unknown,Unknown
33.7652893,-118.1949694,Unnamed Parking Structure,Unknown,Unknown,Unknown
33.7652979,-118.1949751,Unnamed Parking Structure,Unknown,Unknown,Unknown
33.7647002,-118.1953484,Unnamed Parking Structure,Unknown,Unknown,Unknown
33.7647019,-118.1954289,Unnamed Parking Structure,Unknown,Unknown,Unknown
33.764708,-118.1954364,Unnamed Parking Structure,Unknown,Unknown,Unknown
33.7648962,-118.1957434,Unnamed Parking Structure,Unknown,Unknown,Unknown
33.7651859,-118.1963661,Unnamed Parking Structure,Unknown,Unknown,Unknown
33.7653056,-118.1966072,Unnamed Parking Structure,Unknown,Unknown,Unknown
33.7654568,-118.1966437,Unnamed Parking Structure,Unknown,Unknown,Unknown
33.7655281,-118.1968117,Unnamed Parking Structure,Unknown,Unknown,Unknown
33.7655306,-118.1968276,Unnamed Parking Structure,Unknown,Unknown,Unknown
33.7655316,-118.1968437,Unnamed Parking Structure,Unknown,Unknown,Unknown
33.7653291,-118.1969276,Unnamed Parking Structure,Unknown,Unknown,Unknown
33.7653959,-118.1969783,Unnamed Parking Structure,Unknown,Unknown,Unknown
33.7654492,-118.1969762,Unnamed Parking Structure,Unknown,Unknown,Unknown
33.765505,-118.1969331,Unnamed Parking Structure,Unknown,Unknown,Unknown
33.765513,-118.1969202,Unnamed Parking Structure,Unknown,Unknown,Unknown
33.7655197,-118.1969062,Unnamed Parking Structure,Unknown,Unknown,Unknown
33.765525,-118.1968913,Unnamed Parking Structure,Unknown,Unknown,Unknown
33.7655287,-118.1968762,Unnamed Parking Structure,Unknown,Unknown,Unknown
33.765531,-118.1968598,Unnamed Parking Structure,Unknown,Unknown,Unknown
33.7654853,-118.1969551,Unnamed Parking Structure,Unknown,Unknown,Unknown
33.7654957,-118.1969448,Unnamed Parking Structure,Unknown,Unknown,Unknown
33.7654722,-118.1969649,Unnamed Parking Structure,Unknown,Unknown,Unknown
33.7654619,-118.1969709,Unnamed Parking Structure,Unknown,Unknown,Unknown
33.7654361,-118.1969796,Unnamed Parking Structure,Unknown,Unknown,Unknown
33.7654092,-118.1969807,Unnamed Parking Structure,Unknown,Unknown,Unknown
33.7654227,-118.1969811,Unnamed Parking Structure,Unknown,Unknown,Unknown
33.7653587,-118.1969602,Unnamed Parking Structure,Unknown,Unknown,Unknown
33.7653705,-118.196968,Unnamed Parking Structure,Unknown,Unknown,Unknown
33.765383,-118.1969741,Unnamed Parking Structure,Unknown,Unknown,Unknown
33.7653478,-118.1969508,Unnamed Parking Structure,Unknown,Unknown,Unknown
33.7653379,-118.1969399,Unnamed Parking Structure,Unknown,Unknown,Unknown
33.7652586,-118.1967929,Unnamed Parking Structure,Unknown,Unknown,Unknown
33.7652493,-118.1967634,Unnamed Parking Structure,Unknown,Unknown,Unknown
33.7652468,-118.1967479,Unnamed Parking Structure,Unknown,Unknown,Unknown
33.7652458,-118.1967321,Unnamed Parking Structure,Unknown,Unknown,Unknown
33.7652462,-118.1967163,Unnamed Parking Structure,Unknown,Unknown,Unknown
33.7652481,-118.1967007,Unnamed Parking Structure,Unknown,Unknown,Unknown
33.7652514,-118.1966854,Unnamed Parking Structure,Unknown,Unknown,Unknown
33.7652562,-118.1966707,Unnamed Parking Structure,Unknown,Unknown,Unknown
33.7652623,-118.1966567,Unnamed Parking Structure,Unknown,Unknown,Unknown
33.7652696,-118.1966436,Unnamed Parking Structure,Unknown,Unknown,Unknown
33.7652781,-118.1966316,Unnamed Parking Structure,Unknown,Unknown,Unknown
33.7652877,-118.1966208,Unnamed Parking Structure,Unknown,Unknown,Unknown
33.7657428,-118.1964478,Unnamed Parking Structure,Unknown,Unknown,Unknown
33.7652491,-118.1964876,Unnamed Parking Structure,Unknown,Unknown,Unknown
33.7652722,-118.196537,Unnamed Parking Structure,Unknown,Unknown,Unknown
33.7640812,-118.195832,Unnamed Parking Structure,Unknown,Unknown,Unknown
33.7643393,-118.200593,Unnamed Parking Structure,Unknown,Unknown,Unknown
33.7646752,-118.20059,Unnamed Parking Structure,Unknown,Unknown,Unknown
33.7643323,-118.1985204,Unnamed Parking Structure,Unknown,Unknown,Unknown
33.7646755,-118.1985183,Unnamed Parking Structure,Unknown,Unknown,Unknown
33.763338,-118.1961966,Unnamed Parking Structure,Unknown,Unknown,Unknown
33.7644147,-118.1966111,Unnamed Parking Structure,Unknown,Unknown,Unknown
33.764407,-118.1965402,Unnamed Parking Structure,Unknown,Unknown,Unknown
33.7644433,-118.1965342,Unnamed Parking Structure,Unknown,Unknown,Unknown
33.7644754,-118.1965572,Unnamed Parking Structure,Unknown,Unknown,Unknown
33.7644457,-118.1965878,Unnamed Parking Structure,Unknown,Unknown,Unknown
33.7643998,-118.1965853,Unnamed Parking Structure,Unknown,Unknown,Unknown
33.763281,-118.1963683,Unnamed Parking Structure,Unknown,Unknown,Unknown
33.7632645,-118.1962954,Unnamed Parking Structure,Unknown,Unknown,Unknown
33.7632629,-118.1962179,Unnamed Parking Structure,Unknown,Unknown,Unknown
33.7633613,-118.1962074,Unnamed Parking Structure,Unknown,Unknown,Unknown
33.7650938,-118.1950954,Unnamed Parking Structure,Unknown,Unknown,Unknown
33.7648493,-118.1952628,Unnamed Parking Structure,Unknown,Unknown,Unknown
33.7655179,-118.1967869,Unnamed Parking Structure,Unknown,Unknown,Unknown
33.7636134,-118.1969597,Unnamed Parking Structure,Unknown,Unknown,Unknown
33.763586,-118.1969101,Unnamed Parking Structure,Unknown,Unknown,Unknown
33.7635608,-118.1968643,Unnamed Parking Structure,Unknown,Unknown,Unknown
33.7634952,-118.1967455,Unnamed Parking Structure,Unknown,Unknown,Unknown
33.7634728,-118.1967049,Unnamed Parking Structure,Unknown,Unknown,Unknown
33.7659895,-118.1990714,Unnamed Parking Structure,Unknown,Unknown,Unknown
33.7661743,-118.1984788,Unnamed Parking Structure,Unknown,Unknown,Unknown
33.765988,-118.1984793,Unnamed Parking Structure,Unknown,Unknown,Unknown
33.7647879,-118.1953028,Unnamed Parking Structure,Unknown,Unknown,Unknown
33.7647819,-118.195498,Unnamed Parking Structure,Unknown,Unknown,Unknown
33.7651387,-118.1962644,Unnamed Parking Structure,Unknown,Unknown,Unknown
33.7639748,-118.1920187,Unnamed Parking Structure,Unknown,Unknown,Unknown
33.7643357,-118.1920595,Unnamed Parking Structure,Unknown,Unknown,Unknown
33.7645889,-118.1919277,Unnamed Parking Structure,Unknown,Unknown,Unknown
33.7641048,-118.1919279,Unnamed Parking Structure,Unknown,Unknown,Unknown
33.7642976,-118.1919281,Unnamed Parking Structure,Unknown,Unknown,Unknown
33.7639749,-118.1920576,Unnamed Parking Structure,Unknown,Unknown,Unknown
33.7655722,-118.1920506,Unnamed Parking Structure,Unknown,Unknown,Unknown
33.7650506,-118.1920148,Unnamed Parking Structure,Unknown,Unknown,Unknown
33.765051,-118.1920577,Unnamed Parking Structure,Unknown,Unknown,Unknown
33.7645214,-118.1919711,Unnamed Parking Structure,Unknown,Unknown,Unknown
33.7655906,-118.1920209,Unnamed Parking Structure,Unknown,Unknown,Unknown
33.7645464,-118.1919456,Unnamed Parking Structure,Unknown,Unknown,Unknown
33.7645465,-118.1920117,Unnamed Parking Structure,Unknown,Unknown,Unknown
33.7641047,-118.1920189,Unnamed Parking Structure,Unknown,Unknown,Unknown
33.7645652,-118.1920598,Unnamed Parking Structure,Unknown,Unknown,Unknown
33.7655899,-118.1919268,Unnamed Parking Structure,Unknown,Unknown,Unknown
33.7643494,-118.1920102,Unnamed Parking Structure,Unknown,Unknown,Unknown
33.7649447,-118.1920547,Unnamed Parking Structure,Unknown,Unknown,Unknown
33.7649443,-118.1920162,Unnamed Parking Structure,Unknown,Unknown,Unknown
33.7643701,-118.1919711,Unnamed Parking Structure,Unknown,Unknown,Unknown
33.7643353,-118.1919426,Unnamed Parking Structure,Unknown,Unknown,Unknown
33.7645527,-118.1920394,Unnamed Parking Structure,Unknown,Unknown,Unknown
33.7645324,-118.191957,Unnamed Parking Structure,Unknown,Unknown,Unknown
33.7645673,-118.191934,Unnamed Parking Structure,Unknown,Unknown,Unknown
33.7655674,-118.1884082,Unnamed Parking Structure,Unknown,Unknown,Unknown
33.7651013,-118.1884109,Unnamed Parking Structure,Unknown,Unknown,Unknown
33.7655651,-118.1876411,Unnamed Parking Structure,Unknown,Unknown,Unknown
33.765612,-118.1876357,Unnamed Parking Structure,Unknown,Unknown,Unknown
33.7656097,-118.1884057,Unnamed Parking Structure,Unknown,Unknown,Unknown
33.7655655,-118.1884717,Unnamed Parking Structure,Unknown,Unknown,Unknown
33.7651039,-118.1884644,Unnamed Parking Structure,Unknown,Unknown,Unknown
33.7649228,-118.1883929,Unnamed Parking Structure,Unknown,Unknown,Unknown
33.7673201,-118.1856402,Unnamed Parking Structure,Unknown,Unknown,Unknown
33.7673244,-118.1852298,Unnamed Parking Structure,Unknown,Unknown,Unknown
33.7649252,-118.1875875,Unnamed Parking Structure,Unknown,Unknown,Unknown
33.7648338,-118.186697,Unnamed Parking Structure,Unknown,Unknown,Unknown
33.7648873,-118.1866916,Unnamed Parking Structure,Unknown,Unknown,Unknown
33.7648784,-118.1866326,Unnamed Parking Structure,Unknown,Unknown,Unknown
33.7654626,-118.186536,Unnamed Parking Structure,Unknown,Unknown,Unknown
33.7654581,-118.186587,Unnamed Parking Structure,Unknown,Unknown,Unknown
33.7655072,-118.186587,Unnamed Parking Structure,Unknown,Unknown,Unknown
33.7656008,-118.1874024,Unnamed Parking Structure,Unknown,Unknown,Unknown
33.765554,-118.1874078,Unnamed Parking Structure,Unknown,Unknown,Unknown
33.7673499,-118.1856635,Unnamed Parking Structure,Unknown,Unknown,Unknown
33.7673499,-118.1856046,Unnamed Parking Structure,Unknown,Unknown,Unknown
33.7673188,-118.1856046,Unnamed Parking Structure,Unknown,Unknown,Unknown
33.7673188,-118.1852992,Unnamed Parking Structure,Unknown,Unknown,Unknown
33.7673499,-118.1852992,Unnamed Parking Structure,Unknown,Unknown,Unknown
33.7673433,-118.1852323,Unnamed Parking Structure,Unknown,Unknown,Unknown
33.7679632,-118.1992742,Unnamed Parking Structure,Unknown,Unknown,Unknown
33.7679641,-118.19837,Unnamed Parking Structure,Unknown,Unknown,Unknown
33.7686636,-118.1961706,Unnamed Parking Structure,Unknown,Unknown,Unknown
33.768664,-118.1953065,Unnamed Parking Structure,Unknown,Unknown,Unknown
33.7686675,-118.1953065,Unnamed Parking Structure,Unknown,Unknown,Unknown
33.7686676,-118.1952774,Unnamed Parking Structure,Unknown,Unknown,Unknown
33.7686934,-118.1952532,Unnamed Parking Structure,Unknown,Unknown,Unknown
33.7686934,-118.1952774,Unnamed Parking Structure,Unknown,Unknown,Unknown
33.7687155,-118.1962321,Unnamed Parking Structure,Unknown,Unknown,Unknown
33.7687156,-118.1961706,Unnamed Parking Structure,Unknown,Unknown,Unknown
33.7687179,-118.1952423,Unnamed Parking Structure,Unknown,Unknown,Unknown
33.7687179,-118.1952532,Unnamed Parking Structure,Unknown,Unknown,Unknown
33.768869,-118.1992754,Unnamed Parking Structure,Unknown,Unknown,Unknown
33.7688698,-118.1983712,Unnamed Parking Structure,Unknown,Unknown,Unknown
33.7691152,-118.1962259,Unnamed Parking Structure,Unknown,Unknown,Unknown
33.7691152,-118.1962323,Unnamed Parking Structure,Unknown,Unknown,Unknown
33.769118,-118.1952425,Unnamed Parking Structure,Unknown,Unknown,Unknown
33.769118,-118.195305,Unnamed Parking Structure,Unknown,Unknown,Unknown
33.7691439,-118.1961701,Unnamed Parking Structure,Unknown,Unknown,Unknown
33.7691439,-118.1962259,Unnamed Parking Structure,Unknown,Unknown,Unknown
33.7691716,-118.1961701,Unnamed Parking Structure,Unknown,Unknown,Unknown
33.7691719,-118.1953051,Unnamed Parking Structure,Unknown,Unknown,Unknown
33.7683752,-118.1983706,Unnamed Parking Structure,Unknown,Unknown,Unknown
33.7683753,-118.1982631,Unnamed Parking Structure,Unknown,Unknown,Unknown
33.7684477,-118.1983707,Unnamed Parking Structure,Unknown,Unknown,Unknown
33.7684478,-118.1982632,Unnamed Parking Structure,Unknown,Unknown,Unknown
33.7688381,-118.1972051,Unnamed Parking Structure,Unknown,Unknown,Unknown
33.7688402,-118.1965295,Unnamed Parking Structure,Unknown,Unknown,Unknown
33.7685489,-118.1965282,Unnamed Parking Structure,Unknown,Unknown,Unknown
33.7685489,-118.1965411,Unnamed Parking Structure,Unknown,Unknown,Unknown
33.7685243,-118.196541,Unnamed Parking Structure,Unknown,Unknown,Unknown
33.7685242,-118.1965824,Unnamed Parking Structure,Unknown,Unknown,Unknown
33.768504,-118.1965823,Unnamed Parking Structure,Unknown,Unknown,Unknown
33.7685022,-118.1971845,Unnamed Parking Structure,Unknown,Unknown,Unknown
33.7686456,-118.1971851,Unnamed Parking Structure,Unknown,Unknown,Unknown
33.7686455,-118.1972042,Unnamed Parking Structure,Unknown,Unknown,Unknown
33.7688035,-118.196232,Unnamed Parking Structure,Unknown,Unknown,Unknown
33.768764,-118.196232,Unnamed Parking Structure,Unknown,Unknown,Unknown
33.7687663,-118.1965292,Unnamed Parking Structure,Unknown,Unknown,Unknown
33.7691719,-118.195338,Unnamed Parking Structure,Unknown,Unknown,Unknown
33.7691719,-118.1953796,Unnamed Parking Structure,Unknown,Unknown,Unknown
33.7691818,-118.1962098,Unnamed Parking Structure,Unknown,Unknown,Unknown
33.7691327,-118.1962099,Unnamed Parking Structure,Unknown,Unknown,Unknown
33.7691328,-118.1962744,Unnamed Parking Structure,Unknown,Unknown,Unknown
33.7687374,-118.1962751,Unnamed Parking Structure,Unknown,Unknown,Unknown
33.7687373,-118.1962082,Unnamed Parking Structure,Unknown,Unknown,Unknown
33.7686859,-118.1962083,Unnamed Parking Structure,Unknown,Unknown,Unknown
33.7686846,-118.1953436,Unnamed Parking Structure,Unknown,Unknown,Unknown
33.7687402,-118.1953434,Unnamed Parking Structure,Unknown,Unknown,Unknown
33.7687402,-118.1952844,Unnamed Parking Structure,Unknown,Unknown,Unknown
33.7691245,-118.1952837,Unnamed Parking Structure,Unknown,Unknown,Unknown
33.7691245,-118.1953397,Unnamed Parking Structure,Unknown,Unknown,Unknown
33.7691808,-118.1953396,Unnamed Parking Structure,Unknown,Unknown,Unknown
33.7688443,-118.1972066,Unnamed Parking Structure,Unknown,Unknown,Unknown
33.7685706,-118.1972053,Unnamed Parking Structure,Unknown,Unknown,Unknown
33.7685708,-118.1971542,Unnamed Parking Structure,Unknown,Unknown,Unknown
33.7685197,-118.1971539,Unnamed Parking Structure,Unknown,Unknown,Unknown
33.7685216,-118.19662,Unnamed Parking Structure,Unknown,Unknown,Unknown
33.7685708,-118.1966203,Unnamed Parking Structure,Unknown,Unknown,Unknown
33.7685619,-118.1965827,Unnamed Parking Structure,Unknown,Unknown,Unknown
33.7687887,-118.1965838,Unnamed Parking Structure,Unknown,Unknown,Unknown
33.7687885,-118.1966401,Unnamed Parking Structure,Unknown,Unknown,Unknown
33.7688462,-118.1966404,Unnamed Parking Structure,Unknown,Unknown,Unknown
33.7682538,-118.1983704,Unnamed Parking Structure,Unknown,Unknown,Unknown
33.7728321,-118.1921054,Unnamed Parking Structure,Unknown,Unknown,Unknown
33.7728582,-118.1921055,Unnamed Parking Structure,Unknown,Unknown,Unknown
33.7718589,-118.1912559,Unnamed Parking Structure,Unknown,Unknown,Unknown
33.772859,-118.1912574,Unnamed Parking Structure,Unknown,Unknown,Unknown
33.7730406,-118.1908652,Unnamed Parking Structure,Unknown,Unknown,Unknown
33.7730406,-118.1908895,Unnamed Parking Structure,Unknown,Unknown,Unknown
33.7729907,-118.1908896,Unnamed Parking Structure,Unknown,Unknown,Unknown
33.7729907,-118.1910141,Unnamed Parking Structure,Unknown,Unknown,Unknown
33.773039,-118.191014,Unnamed Parking Structure,Unknown,Unknown,Unknown
33.7730199,-118.1916936,Unnamed Parking Structure,Unknown,Unknown,Unknown
33.7676212,-118.1904176,Unnamed Parking Structure,Unknown,Unknown,Unknown
33.7676196,-118.1897525,Unnamed Parking Structure,Unknown,Unknown,Unknown
33.7676209,-118.1903205,Unnamed Parking Structure,Unknown,Unknown,Unknown
33.7679701,-118.1898283,Unnamed Parking Structure,Unknown,Unknown,Unknown
33.7679713,-118.190342,Unnamed Parking Structure,Unknown,Unknown,Unknown
33.7679796,-118.190342,Unnamed Parking Structure,Unknown,Unknown,Unknown
33.7679798,-118.1904164,Unnamed Parking Structure,Unknown,Unknown,Unknown
33.7679802,-118.1897513,Unnamed Parking Structure,Unknown,Unknown,Unknown
33.7679804,-118.1898283,Unnamed Parking Structure,Unknown,Unknown,Unknown
33.767839,-118.1922599,Unnamed Parking Structure,Unknown,Unknown,Unknown
33.7675223,-118.1922599,Unnamed Parking Structure,Unknown,Unknown,Unknown
33.767509,-118.1918039,Unnamed Parking Structure,Unknown,Unknown,Unknown
33.7675625,-118.1917154,Unnamed Parking Structure,Unknown,Unknown,Unknown
33.7677743,-118.1917127,Unnamed Parking Structure,Unknown,Unknown,Unknown
33.7678323,-118.1917744,Unnamed Parking Structure,Unknown,Unknown,Unknown
33.7679709,-118.1897513,Unnamed Parking Structure,Unknown,Unknown,Unknown
33.7686116,-118.1930273,Unnamed Parking Structure,Unknown,Unknown,Unknown
33.768199,-118.1930267,Unnamed Parking Structure,Unknown,Unknown,Unknown
33.7681995,-118.192793,Unnamed Parking Structure,Unknown,Unknown,Unknown
33.7686119,-118.1927819,Unnamed Parking Structure,Unknown,Unknown,Unknown
33.7714228,-118.1917529,Unnamed Parking Structure,Unknown,Unknown,Unknown
33.7707601,-118.1908005,Unnamed Parking Structure,Unknown,Unknown,Unknown
33.7713565,-118.1907916,Unnamed Parking Structure,Unknown,Unknown,Unknown
33.7713567,-118.1908552,Unnamed Parking Structure,Unknown,Unknown,Unknown
33.7714197,-118.1908548,Unnamed Parking Structure,Unknown,Unknown,Unknown
33.7714293,-118.1916987,Unnamed Parking Structure,Unknown,Unknown,Unknown
33.7714313,-118.1915623,Unnamed Parking Structure,Unknown,Unknown,Unknown
33.7714314,-118.1915893,Unnamed Parking Structure,Unknown,Unknown,Unknown
33.7730411,-118.1916935,Unnamed Parking Structure,Unknown,Unknown,Unknown
33.7730412,-118.1918935,Unnamed Parking Structure,Unknown,Unknown,Unknown
33.7730736,-118.1919161,Unnamed Parking Structure,Unknown,Unknown,Unknown
33.7735214,-118.1908647,Unnamed Parking Structure,Unknown,Unknown,Unknown
33.7735214,-118.1907534,Unnamed Parking Structure,Unknown,Unknown,Unknown
33.7739511,-118.1919151,Unnamed Parking Structure,Unknown,Unknown,Unknown
33.7739844,-118.1918926,Unnamed Parking Structure,Unknown,Unknown,Unknown
33.7739843,-118.1918747,Unnamed Parking Structure,Unknown,Unknown,Unknown
33.7676199,-118.1898813,Unnamed Parking Structure,Unknown,Unknown,Unknown
33.7681877,-118.1927929,Unnamed Parking Structure,Unknown,Unknown,Unknown
33.7681878,-118.1927643,Unnamed Parking Structure,Unknown,Unknown,Unknown
33.7682005,-118.1932783,Unnamed Parking Structure,Unknown,Unknown,Unknown
33.7682008,-118.193131,Unnamed Parking Structure,Unknown,Unknown,Unknown
33.7682012,-118.1935725,Unnamed Parking Structure,Unknown,Unknown,Unknown
33.7682015,-118.1934136,Unnamed Parking Structure,Unknown,Unknown,Unknown
33.7682073,-118.1934136,Unnamed Parking Structure,Unknown,Unknown,Unknown
33.7682076,-118.1932783,Unnamed Parking Structure,Unknown,Unknown,Unknown
33.7682094,-118.1931202,Unnamed Parking Structure,Unknown,Unknown,Unknown
33.7682094,-118.1931311,Unnamed Parking Structure,Unknown,Unknown,Unknown
33.7682497,-118.1931203,Unnamed Parking Structure,Unknown,Unknown,Unknown
33.7682498,-118.1930692,Unnamed Parking Structure,Unknown,Unknown,Unknown
33.7683027,-118.1927815,Unnamed Parking Structure,Unknown,Unknown,Unknown
33.7683028,-118.1927627,Unnamed Parking Structure,Unknown,Unknown,Unknown
33.7683471,-118.1935626,Unnamed Parking Structure,Unknown,Unknown,Unknown
33.7683471,-118.1935729,Unnamed Parking Structure,Unknown,Unknown,Unknown
33.7686667,-118.1930705,Unnamed Parking Structure,Unknown,Unknown,Unknown
33.7686676,-118.1935637,Unnamed Parking Structure,Unknown,Unknown,Unknown
33.7686677,-118.1935198,Unnamed Parking Structure,Unknown,Unknown,Unknown
33.7687075,-118.1935199,Unnamed Parking Structure,Unknown,Unknown,Unknown
33.7687083,-118.1931189,Unnamed Parking Structure,Unknown,Unknown,Unknown
33.771858,-118.192104,Unnamed Parking Structure,Unknown,Unknown,Unknown
33.7730423,-118.1917978,Unnamed Parking Structure,Unknown,Unknown,Unknown
33.7730199,-118.1916415,Unnamed Parking Structure,Unknown,Unknown,Unknown
33.7730394,-118.1916415,Unnamed Parking Structure,Unknown,Unknown,Unknown
33.7730522,-118.1908717,Unnamed Parking Structure,Unknown,Unknown,Unknown
33.7730611,-118.1919071,Unnamed Parking Structure,Unknown,Unknown,Unknown
33.7728524,-118.1921279,Unnamed Parking Structure,Unknown,Unknown,Unknown
33.7718692,-118.192123,Unnamed Parking Structure,Unknown,Unknown,Unknown
33.7718719,-118.1912973,Unnamed Parking Structure,Unknown,Unknown,Unknown
33.7728551,-118.1913019,Unnamed Parking Structure,Unknown,Unknown,Unknown
33.7707627,-118.1917695,Unnamed Parking Structure,Unknown,Unknown,Unknown
33.7707596,-118.1916518,Unnamed Parking Structure,Unknown,Unknown,Unknown
33.7739953,-118.1918747,Unnamed Parking Structure,Unknown,Unknown,Unknown
33.7739946,-118.1908619,Unnamed Parking Structure,Unknown,Unknown,Unknown
33.7802472,-118.1878541,Unnamed Parking Structure,Unknown,Unknown,Unknown
33.780443,-118.1878534,Unnamed Parking Structure,Unknown,Unknown,Unknown
33.7804431,-118.1878849,Unnamed Parking Structure,Unknown,Unknown,Unknown
33.7804988,-118.1878525,Unnamed Parking Structure,Unknown,Unknown,Unknown
33.7804989,-118.1878847,Unnamed Parking Structure,Unknown,Unknown,Unknown
33.7739929,-118.1908619,Unnamed Parking Structure,Unknown,Unknown,Unknown
33.7739928,-118.190753,Unnamed Parking Structure,Unknown,Unknown,Unknown
33.7739953,-118.1917997,Unnamed Parking Structure,Unknown,Unknown,Unknown
33.7739953,-118.1918138,Unnamed Parking Structure,Unknown,Unknown,Unknown
33.7802692,-118.1878664,Unnamed Parking Structure,Unknown,Unknown,Unknown
33.7740109,-118.1908878,Unnamed Parking Structure,Unknown,Unknown,Unknown
33.7739975,-118.1919124,Unnamed Parking Structure,Unknown,Unknown,Unknown
33.7679544,-118.1856497,Unnamed Parking Structure,Unknown,Unknown,Unknown
33.7679587,-118.1852395,Unnamed Parking Structure,Unknown,Unknown,Unknown
33.7691962,-118.1846853,Unnamed Parking Structure,Unknown,Unknown,Unknown
33.7690602,-118.184857,Unnamed Parking Structure,Unknown,Unknown,Unknown
33.7686968,-118.1848543,Unnamed Parking Structure,Unknown,Unknown,Unknown
33.7686901,-118.1838806,Unnamed Parking Structure,Unknown,Unknown,Unknown
33.7691985,-118.1838887,Unnamed Parking Structure,Unknown,Unknown,Unknown
33.7679623,-118.1856072,Unnamed Parking Structure,Unknown,Unknown,Unknown
33.767891,-118.1856072,Unnamed Parking Structure,Unknown,Unknown,Unknown
33.7678888,-118.1856635,Unnamed Parking Structure,Unknown,Unknown,Unknown
33.7679311,-118.1852403,Unnamed Parking Structure,Unknown,Unknown,Unknown
33.7679378,-118.1852992,Unnamed Parking Structure,Unknown,Unknown,Unknown
33.7679623,-118.1853019,Unnamed Parking Structure,Unknown,Unknown,Unknown
33.7802139,-118.1873161,Unnamed Parking Structure,Unknown,Unknown,Unknown
33.7802144,-118.1874732,Unnamed Parking Structure,Unknown,Unknown,Unknown
33.7802439,-118.186871,Unnamed Parking Structure,Unknown,Unknown,Unknown
33.7802448,-118.1872619,Unnamed Parking Structure,Unknown,Unknown,Unknown
33.7802463,-118.1875254,Unnamed Parking Structure,Unknown,Unknown,Unknown
33.7802719,-118.187473,Unnamed Parking Structure,Unknown,Unknown,Unknown
33.780272,-118.1875253,Unnamed Parking Structure,Unknown,Unknown,Unknown
33.7802741,-118.1872618,Unnamed Parking Structure,Unknown,Unknown,Unknown
33.7802743,-118.1873159,Unnamed Parking Structure,Unknown,Unknown,Unknown
33.780309,-118.1868421,Unnamed Parking Structure,Unknown,Unknown,Unknown
33.7803091,-118.1868708,Unnamed Parking Structure,Unknown,Unknown,Unknown
33.7804456,-118.1868416,Unnamed Parking Structure,Unknown,Unknown,Unknown
33.7804456,-118.1868731,Unnamed Parking Structure,Unknown,Unknown,Unknown
33.7802647,-118.1868901,Unnamed Parking Structure,Unknown,Unknown,Unknown
33.7569539,-118.1112587,Unnamed Parking Structure,Unknown,Unknown,Unknown
33.7572154,-118.1113527,Unnamed Parking Structure,Unknown,Unknown,Unknown
33.7574714,-118.1116252,Unnamed Parking Structure,Unknown,Unknown,Unknown
33.7575538,-118.1117278,Unnamed Parking Structure,Unknown,Unknown,Unknown
33.7574244,-118.1126233,Unnamed Parking Structure,Unknown,Unknown,Unknown
33.7574744,-118.1125985,Unnamed Parking Structure,Unknown,Unknown,Unknown
33.757683,-118.1117827,Unnamed Parking Structure,Unknown,Unknown,Unknown
33.7570357,-118.1111545,Unnamed Parking Structure,Unknown,Unknown,Unknown
33.7565956,-118.1117319,Unnamed Parking Structure,Unknown,Unknown,Unknown
33.7553112,-118.1103338,Unnamed Parking Structure,Unknown,Unknown,Unknown
33.7549138,-118.1098985,Unnamed Parking Structure,Unknown,Unknown,Unknown
33.7576481,-118.1119185,Unnamed Parking Structure,Unknown,Unknown,Unknown
33.7555253,-118.1100482,Unnamed Parking Structure,Unknown,Unknown,Unknown
33.755887,-118.1095668,Unnamed Parking Structure,Unknown,Unknown,Unknown
33.7558604,-118.109601,Unnamed Parking Structure,Unknown,Unknown,Unknown
33.7549549,-118.1099418,Unnamed Parking Structure,Unknown,Unknown,Unknown
33.7555055,-118.1091405,Unnamed Parking Structure,Unknown,Unknown,Unknown
33.7555739,-118.1099834,Unnamed Parking Structure,Unknown,Unknown,Unknown
33.756822,-118.111428,Unnamed Parking Structure,Unknown,Unknown,Unknown
33.757181,-118.112361,Unnamed Parking Structure,Unknown,Unknown,Unknown
33.7806193,-118.1878521,Unnamed Parking Structure,Unknown,Unknown,Unknown
33.7806194,-118.1878496,Unnamed Parking Structure,Unknown,Unknown,Unknown
33.7807681,-118.1878491,Unnamed Parking Structure,Unknown,Unknown,Unknown
33.7807681,-118.1878724,Unnamed Parking Structure,Unknown,Unknown,Unknown
33.7807941,-118.1878723,Unnamed Parking Structure,Unknown,Unknown,Unknown
33.7807953,-118.187861,Unnamed Parking Structure,Unknown,Unknown,Unknown
33.7807657,-118.186861,Unnamed Parking Structure,Unknown,Unknown,Unknown
33.7807657,-118.1868715,Unnamed Parking Structure,Unknown,Unknown,Unknown
33.7807916,-118.186861,Unnamed Parking Structure,Unknown,Unknown,Unknown
33.7807864,-118.1868955,Unnamed Parking Structure,Unknown,Unknown,Unknown
33.8057475,-118.1905052,Unnamed Parking Structure,Unknown,Unknown,Unknown
33.8057482,-118.1903669,Unnamed Parking Structure,Unknown,Unknown,Unknown
33.8057503,-118.1914839,Unnamed Parking Structure,Unknown,Unknown,Unknown
33.8057526,-118.190367,Unnamed Parking Structure,Unknown,Unknown,Unknown
33.8057527,-118.1903293,Unnamed Parking Structure,Unknown,Unknown,Unknown
33.8057552,-118.1905053,Unnamed Parking Structure,Unknown,Unknown,Unknown
33.8058118,-118.1902866,Unnamed Parking Structure,Unknown,Unknown,Unknown
33.805843,-118.1903248,Unnamed Parking Structure,Unknown,Unknown,Unknown
33.8058431,-118.1902437,Unnamed Parking Structure,Unknown,Unknown,Unknown
33.8058457,-118.1902469,Unnamed Parking Structure,Unknown,Unknown,Unknown
33.8058646,-118.1902186,Unnamed Parking Structure,Unknown,Unknown,Unknown
33.8058827,-118.190295,Unnamed Parking Structure,Unknown,Unknown,Unknown
33.8059053,-118.1902686,Unnamed Parking Structure,Unknown,Unknown,Unknown
33.8059202,-118.1903316,Unnamed Parking Structure,Unknown,Unknown,Unknown
33.8060041,-118.1903321,Unnamed Parking Structure,Unknown,Unknown,Unknown
33.8060044,-118.1902665,Unnamed Parking Structure,Unknown,Unknown,Unknown
33.8060616,-118.1902668,Unnamed Parking Structure,Unknown,Unknown,Unknown
33.8060987,-118.1903714,Unnamed Parking Structure,Unknown,Unknown,Unknown
33.8060988,-118.1903331,Unnamed Parking Structure,Unknown,Unknown,Unknown
33.8061014,-118.1914864,Unnamed Parking Structure,Unknown,Unknown,Unknown
33.8061024,-118.1903714,Unnamed Parking Structure,Unknown,Unknown,Unknown
33.8062945,-118.1884768,Unnamed Parking Structure,Unknown,Unknown,Unknown
33.8063445,-118.1885317,Unnamed Parking Structure,Unknown,Unknown,Unknown
33.8063446,-118.1884769,Unnamed Parking Structure,Unknown,Unknown,Unknown
33.8057479,-118.1904337,Unnamed Parking Structure,Unknown,Unknown,Unknown
33.8062946,-118.1884155,Unnamed Parking Structure,Unknown,Unknown,Unknown
33.8061023,-118.1904403,Unnamed Parking Structure,Unknown,Unknown,Unknown
33.8061015,-118.191372,Unnamed Parking Structure,Unknown,Unknown,Unknown
33.8065308,-118.1871624,Unnamed Parking Structure,Unknown,Unknown,Unknown
33.8062956,-118.1872207,Unnamed Parking Structure,Unknown,Unknown,Unknown
33.8063454,-118.1871622,Unnamed Parking Structure,Unknown,Unknown,Unknown
33.8063454,-118.1872207,Unnamed Parking Structure,Unknown,Unknown,Unknown
33.809768,-118.1886284,Unnamed Parking Structure,Unknown,Unknown,Unknown
33.8090303,-118.1886365,Unnamed Parking Structure,Unknown,Unknown,Unknown
33.8090303,-118.1881697,Unnamed Parking Structure,Unknown,Unknown,Unknown
33.8097702,-118.188159,Unnamed Parking Structure,Unknown,Unknown,Unknown
33.8097658,-118.1883816,Unnamed Parking Structure,Unknown,Unknown,Unknown
33.8090303,-118.1882609,Unnamed Parking Structure,Unknown,Unknown,Unknown
33.8070544,-118.1884769,Unnamed Parking Structure,Unknown,Unknown,Unknown
33.8070544,-118.1885326,Unnamed Parking Structure,Unknown,Unknown,Unknown
33.8071032,-118.1884769,Unnamed Parking Structure,Unknown,Unknown,Unknown
33.8071034,-118.1881775,Unnamed Parking Structure,Unknown,Unknown,Unknown
33.8071042,-118.1881775,Unnamed Parking Structure,Unknown,Unknown,Unknown
33.8071043,-118.1880654,Unnamed Parking Structure,Unknown,Unknown,Unknown
33.8069982,-118.187166,Unnamed Parking Structure,Unknown,Unknown,Unknown
33.8071049,-118.187498,Unnamed Parking Structure,Unknown,Unknown,Unknown
33.8068914,-118.1871629,Unnamed Parking Structure,Unknown,Unknown,Unknown
33.8068914,-118.1871637,Unnamed Parking Structure,Unknown,Unknown,Unknown
33.8068984,-118.1871579,Unnamed Parking Structure,Unknown,Unknown,Unknown
33.8068984,-118.1871637,Unnamed Parking Structure,Unknown,Unknown,Unknown
33.8069406,-118.187158,Unnamed Parking Structure,Unknown,Unknown,Unknown
33.8069406,-118.1871653,Unnamed Parking Structure,Unknown,Unknown,Unknown
33.806945,-118.1871653,Unnamed Parking Structure,Unknown,Unknown,Unknown
33.806945,-118.1871668,Unnamed Parking Structure,Unknown,Unknown,Unknown
33.807056,-118.187167,Unnamed Parking Structure,Unknown,Unknown,Unknown
33.807056,-118.1872228,Unnamed Parking Structure,Unknown,Unknown,Unknown
33.8071051,-118.1872229,Unnamed Parking Structure,Unknown,Unknown,Unknown
33.8369251,-118.1894667,Unnamed Parking Structure,Unknown,Unknown,Unknown
33.8367491,-118.1894131,Unnamed Parking Structure,Unknown,Unknown,Unknown
33.8361877,-118.1889759,Unnamed Parking Structure,Unknown,Unknown,Unknown
33.8362389,-118.188764,Unnamed Parking Structure,Unknown,Unknown,Unknown
33.8363125,-118.1886352,Unnamed Parking Structure,Unknown,Unknown,Unknown
33.8363526,-118.1886621,Unnamed Parking Structure,Unknown,Unknown,Unknown
33.8363682,-118.1886352,Unnamed Parking Structure,Unknown,Unknown,Unknown
33.8370142,-118.1891234,Unnamed Parking Structure,Unknown,Unknown,Unknown
33.8369964,-118.1891583,Unnamed Parking Structure,Unknown,Unknown,Unknown
33.8370276,-118.1891931,Unnamed Parking Structure,Unknown,Unknown,Unknown
33.8370031,-118.1893326,Unnamed Parking Structure,Unknown,Unknown,Unknown
33.7900034,-118.1720983,Unnamed Parking Structure,Unknown,Unknown,Unknown
33.7905786,-118.1729409,Unnamed Parking Structure,Unknown,Unknown,Unknown
33.7900016,-118.1729578,Unnamed Parking Structure,Unknown,Unknown,Unknown
33.7905382,-118.172101,Unnamed Parking Structure,Unknown,Unknown,Unknown
33.7905433,-118.1727779,Unnamed Parking Structure,Unknown,Unknown,Unknown
33.7905425,-118.1726731,Unnamed Parking Structure,Unknown,Unknown,Unknown
33.7905391,-118.1722205,Unnamed Parking Structure,Unknown,Unknown,Unknown
33.7905441,-118.17286,Unnamed Parking Structure,Unknown,Unknown,Unknown
33.790579,-118.1728663,Unnamed Parking Structure,Unknown,Unknown,Unknown
33.787019,-118.1408831,Unnamed Parking Structure,Unknown,Unknown,Unknown
33.7870191,-118.1410622,Unnamed Parking Structure,Unknown,Unknown,Unknown
33.7870672,-118.1408134,Unnamed Parking Structure,Unknown,Unknown,Unknown
33.7870672,-118.1408831,Unnamed Parking Structure,Unknown,Unknown,Unknown
33.7870704,-118.1410622,Unnamed Parking Structure,Unknown,Unknown,Unknown
33.7870705,-118.1413139,Unnamed Parking Structure,Unknown,Unknown,Unknown
33.7870782,-118.1413138,Unnamed Parking Structure,Unknown,Unknown,Unknown
33.7870783,-118.1413601,Unnamed Parking Structure,Unknown,Unknown,Unknown
33.7889714,-118.1445552,Unnamed Parking Structure,Unknown,Unknown,Unknown
33.7889933,-118.144619,Unnamed Parking Structure,Unknown,Unknown,Unknown
33.7890515,-118.144284,Unnamed Parking Structure,Unknown,Unknown,Unknown
33.7890615,-118.1442889,Unnamed Parking Structure,Unknown,Unknown,Unknown
33.7890756,-118.1442128,Unnamed Parking Structure,Unknown,Unknown,Unknown
33.7894585,-118.1448457,Unnamed Parking Structure,Unknown,Unknown,Unknown
33.7894593,-118.144843,Unnamed Parking Structure,Unknown,Unknown,Unknown
33.7894773,-118.1448804,Unnamed Parking Structure,Unknown,Unknown,Unknown
33.7894804,-118.1448562,Unnamed Parking Structure,Unknown,Unknown,Unknown
33.7894821,-118.1448511,Unnamed Parking Structure,Unknown,Unknown,Unknown
33.7894865,-118.1448531,Unnamed Parking Structure,Unknown,Unknown,Unknown
33.7894984,-118.1448905,Unnamed Parking Structure,Unknown,Unknown,Unknown
33.7895068,-118.1448655,Unnamed Parking Structure,Unknown,Unknown,Unknown
33.7895326,-118.1448779,Unnamed Parking Structure,Unknown,Unknown,Unknown
33.7895439,-118.1448443,Unnamed Parking Structure,Unknown,Unknown,Unknown
33.7895574,-118.1448508,Unnamed Parking Structure,Unknown,Unknown,Unknown
33.7896451,-118.1445527,Unnamed Parking Structure,Unknown,Unknown,Unknown
33.7896556,-118.1445577,Unnamed Parking Structure,Unknown,Unknown,Unknown
33.7896634,-118.1444981,Unnamed Parking Structure,Unknown,Unknown,Unknown
33.7871406,-118.140813,Unnamed Parking Structure,Unknown,Unknown,Unknown
33.7872307,-118.1408134,Unnamed Parking Structure,Unknown,Unknown,Unknown
33.7872308,-118.1410982,Unnamed Parking Structure,Unknown,Unknown,Unknown
33.787231,-118.1412856,Unnamed Parking Structure,Unknown,Unknown,Unknown
33.787231,-118.14136,Unnamed Parking Structure,Unknown,Unknown,Unknown
33.7873443,-118.1412856,Unnamed Parking Structure,Unknown,Unknown,Unknown
33.7873869,-118.1410982,Unnamed Parking Structure,Unknown,Unknown,Unknown
33.787387,-118.1412707,Unnamed Parking Structure,Unknown,Unknown,Unknown
33.7877044,-118.1411749,Unnamed Parking Structure,Unknown,Unknown,Unknown
33.7877055,-118.1415129,Unnamed Parking Structure,Unknown,Unknown,Unknown
33.7877333,-118.141175,Unnamed Parking Structure,Unknown,Unknown,Unknown
33.7877334,-118.1411372,Unnamed Parking Structure,Unknown,Unknown,Unknown
33.7877561,-118.1415127,Unnamed Parking Structure,Unknown,Unknown,Unknown
33.7877562,-118.1415507,Unnamed Parking Structure,Unknown,Unknown,Unknown
33.7878054,-118.1411375,Unnamed Parking Structure,Unknown,Unknown,Unknown
33.7881149,-118.1414992,Unnamed Parking Structure,Unknown,Unknown,Unknown
33.788115,-118.141549,Unnamed Parking Structure,Unknown,Unknown,Unknown
33.7881159,-118.1411389,Unnamed Parking Structure,Unknown,Unknown,Unknown
33.788116,-118.1411908,Unnamed Parking Structure,Unknown,Unknown,Unknown
33.7881609,-118.1411906,Unnamed Parking Structure,Unknown,Unknown,Unknown
33.7881615,-118.1413489,Unnamed Parking Structure,Unknown,Unknown,Unknown
33.7881699,-118.1413489,Unnamed Parking Structure,Unknown,Unknown,Unknown
33.7881703,-118.141499,Unnamed Parking Structure,Unknown,Unknown,Unknown
33.7877046,-118.1412484,Unnamed Parking Structure,Unknown,Unknown,Unknown
33.8238685,-118.1668693,Unnamed Parking Structure,Unknown,Unknown,Unknown
33.8244255,-118.1666225,Unnamed Parking Structure,Unknown,Unknown,Unknown
33.8244278,-118.1668649,Unnamed Parking Structure,Unknown,Unknown,Unknown
33.8235075,-118.1668666,Unnamed Parking Structure,Unknown,Unknown,Unknown
33.8235075,-118.1667968,Unnamed Parking Structure,Unknown,Unknown,Unknown
33.8237125,-118.1667861,Unnamed Parking Structure,Unknown,Unknown,Unknown
33.8237147,-118.1666198,Unnamed Parking Structure,Unknown,Unknown,Unknown
33.8244265,-118.1667257,Unnamed Parking Structure,Unknown,Unknown,Unknown
33.8237136,-118.166702,Unnamed Parking Structure,Unknown,Unknown,Unknown
33.8078183,-118.1471886,Unnamed Parking Structure,Unknown,Unknown,Unknown
33.8071554,-118.1473265,Unnamed Parking Structure,Unknown,Unknown,Unknown
33.8070248,-118.1464242,Unnamed Parking Structure,Unknown,Unknown,Unknown
33.8075484,-118.1463155,Unnamed Parking Structure,Unknown,Unknown,Unknown
33.8075656,-118.1463518,Unnamed Parking Structure,Unknown,Unknown,Unknown
33.8075774,-118.1463677,Unnamed Parking Structure,Unknown,Unknown,Unknown
33.8075929,-118.1463855,Unnamed Parking Structure,Unknown,Unknown,Unknown
33.8076178,-118.1463426,Unnamed Parking Structure,Unknown,Unknown,Unknown
33.807665,-118.1463819,Unnamed Parking Structure,Unknown,Unknown,Unknown
33.8076399,-118.1464249,Unnamed Parking Structure,Unknown,Unknown,Unknown
33.8076703,-118.1464412,Unnamed Parking Structure,Unknown,Unknown,Unknown
33.8076898,-118.1464481,Unnamed Parking Structure,Unknown,Unknown,Unknown
33.8077117,-118.1464531,Unnamed Parking Structure,Unknown,Unknown,Unknown
33.8071405,-118.1472228,Unnamed Parking Structure,Unknown,Unknown,Unknown
33.8085277,-118.1356018,Unnamed Parking Structure,Unknown,Unknown,Unknown
33.8085359,-118.135319,Unnamed Parking Structure,Unknown,Unknown,Unknown
33.8086499,-118.1354573,Unnamed Parking Structure,Unknown,Unknown,Unknown
33.808811,-118.1359456,Unnamed Parking Structure,Unknown,Unknown,Unknown
33.8088155,-118.1359403,Unnamed Parking Structure,Unknown,Unknown,Unknown
33.8093987,-118.13525,Unnamed Parking Structure,Unknown,Unknown,Unknown
33.8094347,-118.1366935,Unnamed Parking Structure,Unknown,Unknown,Unknown
33.8094409,-118.1352001,Unnamed Parking Structure,Unknown,Unknown,Unknown
33.8095175,-118.1353942,Unnamed Parking Structure,Unknown,Unknown,Unknown
33.8095499,-118.135702,Unnamed Parking Structure,Unknown,Unknown,Unknown
33.8095511,-118.1353545,Unnamed Parking Structure,Unknown,Unknown,Unknown
33.8095552,-118.136527,Unnamed Parking Structure,Unknown,Unknown,Unknown
33.8095652,-118.1365392,Unnamed Parking Structure,Unknown,Unknown,Unknown
33.8095759,-118.1354611,Unnamed Parking Structure,Unknown,Unknown,Unknown
33.8096079,-118.1354233,Unnamed Parking Structure,Unknown,Unknown,Unknown
33.8096637,-118.1355676,Unnamed Parking Structure,Unknown,Unknown,Unknown
33.8097167,-118.1359045,Unnamed Parking Structure,Unknown,Unknown,Unknown
33.8097256,-118.1358941,Unnamed Parking Structure,Unknown,Unknown,Unknown
33.8097655,-118.1362783,Unnamed Parking Structure,Unknown,Unknown,Unknown
33.8097757,-118.1362907,Unnamed Parking Structure,Unknown,Unknown,Unknown
33.8097963,-118.1359871,Unnamed Parking Structure,Unknown,Unknown,Unknown
33.8097993,-118.1359836,Unnamed Parking Structure,Unknown,Unknown,Unknown
33.8099128,-118.1361286,Unnamed Parking Structure,Unknown,Unknown,Unknown
33.8089791,-118.1361446,Unnamed Parking Structure,Unknown,Unknown,Unknown
33.818025,-118.1441891,Unnamed Parking Structure,Unknown,Unknown,Unknown
33.8173665,-118.1441896,Unnamed Parking Structure,Unknown,Unknown,Unknown
33.8173514,-118.1430914,Unnamed Parking Structure,Unknown,Unknown,Unknown
33.8179805,-118.1430483,Unnamed Parking Structure,Unknown,Unknown,Unknown
33.817443,-118.1430464,Unnamed Parking Structure,Unknown,Unknown,Unknown
33.8183219,-118.1421217,Unnamed Parking Structure,Unknown,Unknown,Unknown
33.8183149,-118.142153,Unnamed Parking Structure,Unknown,Unknown,Unknown
33.8182929,-118.142162,Unnamed Parking Structure,Unknown,Unknown,Unknown
33.8181537,-118.1421603,Unnamed Parking Structure,Unknown,Unknown,Unknown
33.8181565,-118.1423345,Unnamed Parking Structure,Unknown,Unknown,Unknown
33.8182052,-118.1423351,Unnamed Parking Structure,Unknown,Unknown,Unknown
33.8182117,-118.1422915,Unnamed Parking Structure,Unknown,Unknown,Unknown
33.8183582,-118.1422883,Unnamed Parking Structure,Unknown,Unknown,Unknown
33.8183569,-118.142442,Unnamed Parking Structure,Unknown,Unknown,Unknown
33.8182113,-118.1424445,Unnamed Parking Structure,Unknown,Unknown,Unknown
33.8182057,-118.1424014,Unnamed Parking Structure,Unknown,Unknown,Unknown
33.8181563,-118.1424034,Unnamed Parking Structure,Unknown,Unknown,Unknown
33.8181537,-118.142657,Unnamed Parking Structure,Unknown,Unknown,Unknown
33.8181447,-118.1426807,Unnamed Parking Structure,Unknown,Unknown,Unknown
33.8181213,-118.142688,Unnamed Parking Structure,Unknown,Unknown,Unknown
33.817808,-118.1426868,Unnamed Parking Structure,Unknown,Unknown,Unknown
33.8178055,-118.142569,Unnamed Parking Structure,Unknown,Unknown,Unknown
33.8178063,-118.142043,Unnamed Parking Structure,Unknown,Unknown,Unknown
33.817773,-118.144189,Unnamed Parking Structure,Unknown,Unknown,Unknown
33.8173521,-118.1441287,Unnamed Parking Structure,Unknown,Unknown,Unknown
33.8173665,-118.1441287,Unnamed Parking Structure,Unknown,Unknown,Unknown
33.8174054,-118.1430433,Unnamed Parking Structure,Unknown,Unknown,Unknown
33.8174055,-118.1430914,Unnamed Parking Structure,Unknown,Unknown,Unknown
33.8179799,-118.1430961,Unnamed Parking Structure,Unknown,Unknown,Unknown
33.818025,-118.1441292,Unnamed Parking Structure,Unknown,Unknown,Unknown
33.8180337,-118.1430983,Unnamed Parking Structure,Unknown,Unknown,Unknown
33.8180333,-118.1441292,Unnamed Parking Structure,Unknown,Unknown,Unknown
33.8179374,-118.1430464,Unnamed Parking Structure,Unknown,Unknown,Unknown
33.8183204,-118.1421378,Unnamed Parking Structure,Unknown,Unknown,Unknown
33.8183051,-118.1421603,Unnamed Parking Structure,Unknown,Unknown,Unknown
33.8183634,-118.1423009,Unnamed Parking Structure,Unknown,Unknown,Unknown
33.8183436,-118.1422837,Unnamed Parking Structure,Unknown,Unknown,Unknown
33.8183522,-118.1422844,Unnamed Parking Structure,Unknown,Unknown,Unknown
33.8183619,-118.1422936,Unnamed Parking Structure,Unknown,Unknown,Unknown
33.8183434,-118.1424485,Unnamed Parking Structure,Unknown,Unknown,Unknown
33.8183615,-118.1424303,Unnamed Parking Structure,Unknown,Unknown,Unknown
33.8182256,-118.1422847,Unnamed Parking Structure,Unknown,Unknown,Unknown
33.8182064,-118.142303,Unnamed Parking Structure,Unknown,Unknown,Unknown
33.818217,-118.1422871,Unnamed Parking Structure,Unknown,Unknown,Unknown
33.8182086,-118.1422967,Unnamed Parking Structure,Unknown,Unknown,Unknown
33.8182068,-118.1424293,Unnamed Parking Structure,Unknown,Unknown,Unknown
33.8182226,-118.1424507,Unnamed Parking Structure,Unknown,Unknown,Unknown
33.8182071,-118.1424384,Unnamed Parking Structure,Unknown,Unknown,Unknown
33.8182168,-118.1424489,Unnamed Parking Structure,Unknown,Unknown,Unknown
33.8183512,-118.1424465,Unnamed Parking Structure,Unknown,Unknown,Unknown
33.8183598,-118.1424365,Unnamed Parking Structure,Unknown,Unknown,Unknown
33.8181499,-118.142669,Unnamed Parking Structure,Unknown,Unknown,Unknown
33.8181334,-118.1426872,Unnamed Parking Structure,Unknown,Unknown,Unknown
33.8186632,-118.1410576,Unnamed Parking Structure,Unknown,Unknown,Unknown
33.8186557,-118.1410943,Unnamed Parking Structure,Unknown,Unknown,Unknown
33.8186276,-118.1411038,Unnamed Parking Structure,Unknown,Unknown,Unknown
33.8184912,-118.1411039,Unnamed Parking Structure,Unknown,Unknown,Unknown
33.8184936,-118.1415876,Unnamed Parking Structure,Unknown,Unknown,Unknown
33.8184852,-118.1416171,Unnamed Parking Structure,Unknown,Unknown,Unknown
33.8184602,-118.1416286,Unnamed Parking Structure,Unknown,Unknown,Unknown
33.8183197,-118.1416308,Unnamed Parking Structure,Unknown,Unknown,Unknown
33.8178079,-118.1405254,Unnamed Parking Structure,Unknown,Unknown,Unknown
33.8186189,-118.1405216,Unnamed Parking Structure,Unknown,Unknown,Unknown
33.8186632,-118.1405728,Unnamed Parking Structure,Unknown,Unknown,Unknown
33.8184934,-118.1415054,Unnamed Parking Structure,Unknown,Unknown,Unknown
33.8178083,-118.1406943,Unnamed Parking Structure,Unknown,Unknown,Unknown
33.8178069,-118.14152,Unnamed Parking Structure,Unknown,Unknown,Unknown
33.8186558,-118.1405313,Unnamed Parking Structure,Unknown,Unknown,Unknown
33.818663,-118.1405452,Unnamed Parking Structure,Unknown,Unknown,Unknown
33.8186419,-118.1405218,Unnamed Parking Structure,Unknown,Unknown,Unknown
33.8186617,-118.1410786,Unnamed Parking Structure,Unknown,Unknown,Unknown
33.8186443,-118.1411026,Unnamed Parking Structure,Unknown,Unknown,Unknown
33.8184909,-118.1416051,Unnamed Parking Structure,Unknown,Unknown,Unknown
33.8184733,-118.1416271,Unnamed Parking Structure,Unknown,Unknown,Unknown
33.8090821,-118.1348654,Unnamed Parking Structure,Unknown,Unknown,Unknown
33.8087736,-118.1350379,Unnamed Parking Structure,Unknown,Unknown,Unknown
33.8087825,-118.1350486,Unnamed Parking Structure,Unknown,Unknown,Unknown
33.8090109,-118.1347785,Unnamed Parking Structure,Unknown,Unknown,Unknown
33.8091166,-118.1349068,Unnamed Parking Structure,Unknown,Unknown,Unknown
33.8091202,-118.1349026,Unnamed Parking Structure,Unknown,Unknown,Unknown
33.8091275,-118.1349114,Unnamed Parking Structure,Unknown,Unknown,Unknown
33.8091657,-118.1348661,Unnamed Parking Structure,Unknown,Unknown,Unknown
33.832096,-118.140851,Unnamed Parking Structure,Unknown,Unknown,Unknown
33.8318652,-118.1408554,Unnamed Parking Structure,Unknown,Unknown,Unknown
33.8317234,-118.1409168,Unnamed Parking Structure,Unknown,Unknown,Unknown
33.8317259,-118.1411029,Unnamed Parking Structure,Unknown,Unknown,Unknown
33.8320912,-118.1404922,Unnamed Parking Structure,Unknown,Unknown,Unknown
33.8304639,-118.1411228,Unnamed Parking Structure,Unknown,Unknown,Unknown
33.8304617,-118.1405006,Unnamed Parking Structure,Unknown,Unknown,Unknown
33.8318659,-118.1409141,Unnamed Parking Structure,Unknown,Unknown,Unknown
33.8304585,-118.1352915,Unnamed Parking Structure,Unknown,Unknown,Unknown
33.831041,-118.1352951,Unnamed Parking Structure,Unknown,Unknown,Unknown
33.8304628,-118.1408008,Unnamed Parking Structure,Unknown,Unknown,Unknown
33.8304954,-118.135221,Unnamed Parking Structure,Unknown,Unknown,Unknown
33.8306958,-118.1411165,Unnamed Parking Structure,Unknown,Unknown,Unknown
33.8306958,-118.1411216,Unnamed Parking Structure,Unknown,Unknown,Unknown
33.8308243,-118.1411573,Unnamed Parking Structure,Unknown,Unknown,Unknown
33.8308255,-118.1411646,Unnamed Parking Structure,Unknown,Unknown,Unknown
33.8308266,-118.1411483,Unnamed Parking Structure,Unknown,Unknown,Unknown
33.8308295,-118.1411738,Unnamed Parking Structure,Unknown,Unknown,Unknown
33.8308327,-118.14114,Unnamed Parking Structure,Unknown,Unknown,Unknown
33.8308348,-118.1411788,Unnamed Parking Structure,Unknown,Unknown,Unknown
33.8308394,-118.1411362,Unnamed Parking Structure,Unknown,Unknown,Unknown
33.8308404,-118.1411812,Unnamed Parking Structure,Unknown,Unknown,Unknown
33.8308405,-118.141121,Unnamed Parking Structure,Unknown,Unknown,Unknown
33.8308406,-118.1411158,Unnamed Parking Structure,Unknown,Unknown,Unknown
33.8308627,-118.1411209,Unnamed Parking Structure,Unknown,Unknown,Unknown
33.8308628,-118.1411361,Unnamed Parking Structure,Unknown,Unknown,Unknown
33.8308946,-118.1411806,Unnamed Parking Structure,Unknown,Unknown,Unknown
33.8308947,-118.1411851,Unnamed Parking Structure,Unknown,Unknown,Unknown
33.8309221,-118.1411226,Unnamed Parking Structure,Unknown,Unknown,Unknown
33.8309225,-118.1411848,Unnamed Parking Structure,Unknown,Unknown,Unknown
33.8309351,-118.1352925,Unnamed Parking Structure,Unknown,Unknown,Unknown
33.8309354,-118.1352242,Unnamed Parking Structure,Unknown,Unknown,Unknown
33.8310152,-118.1352163,Unnamed Parking Structure,Unknown,Unknown,Unknown
33.8310387,-118.1352932,Unnamed Parking Structure,Unknown,Unknown,Unknown
33.8310391,-118.1352164,Unnamed Parking Structure,Unknown,Unknown,Unknown
33.8312116,-118.1411139,Unnamed Parking Structure,Unknown,Unknown,Unknown
33.8312116,-118.1411199,Unnamed Parking Structure,Unknown,Unknown,Unknown
33.8312544,-118.1411135,Unnamed Parking Structure,Unknown,Unknown,Unknown
33.8312546,-118.1411443,Unnamed Parking Structure,Unknown,Unknown,Unknown
33.8313131,-118.1411127,Unnamed Parking Structure,Unknown,Unknown,Unknown
33.8313133,-118.1411438,Unnamed Parking Structure,Unknown,Unknown,Unknown
33.8313553,-118.1411123,Unnamed Parking Structure,Unknown,Unknown,Unknown
33.8313553,-118.1411204,Unnamed Parking Structure,Unknown,Unknown,Unknown
33.8314359,-118.1411156,Unnamed Parking Structure,Unknown,Unknown,Unknown
33.831436,-118.1411197,Unnamed Parking Structure,Unknown,Unknown,Unknown
33.8315699,-118.1411144,Unnamed Parking Structure,Unknown,Unknown,Unknown
33.8315703,-118.1411806,Unnamed Parking Structure,Unknown,Unknown,Unknown
33.8315974,-118.1411776,Unnamed Parking Structure,Unknown,Unknown,Unknown
33.8315974,-118.1411803,Unnamed Parking Structure,Unknown,Unknown,Unknown
33.8316284,-118.141117,Unnamed Parking Structure,Unknown,Unknown,Unknown
33.8316286,-118.1411319,Unnamed Parking Structure,Unknown,Unknown,Unknown
33.8316456,-118.1411772,Unnamed Parking Structure,Unknown,Unknown,Unknown
33.8316489,-118.1411043,Unnamed Parking Structure,Unknown,Unknown,Unknown
33.8316491,-118.1411166,Unnamed Parking Structure,Unknown,Unknown,Unknown
33.8316497,-118.1411321,Unnamed Parking Structure,Unknown,Unknown,Unknown
33.8316558,-118.141174,Unnamed Parking Structure,Unknown,Unknown,Unknown
33.8316565,-118.1411364,Unnamed Parking Structure,Unknown,Unknown,Unknown
33.8316609,-118.141168,Unnamed Parking Structure,Unknown,Unknown,Unknown
33.8316612,-118.1411422,Unnamed Parking Structure,Unknown,Unknown,Unknown
33.831664,-118.141151,Unnamed Parking Structure,Unknown,Unknown,Unknown
33.8316642,-118.1411593,Unnamed Parking Structure,Unknown,Unknown,Unknown
33.8304637,-118.1340832,Unnamed Parking Structure,Unknown,Unknown,Unknown
33.8310436,-118.134704,Unnamed Parking Structure,Unknown,Unknown,Unknown
33.8310462,-118.1340869,Unnamed Parking Structure,Unknown,Unknown,Unknown
33.8305009,-118.1341079,Unnamed Parking Structure,Unknown,Unknown,Unknown
33.8305565,-118.1341243,Unnamed Parking Structure,Unknown,Unknown,Unknown
33.8305566,-118.1341083,Unnamed Parking Structure,Unknown,Unknown,Unknown
33.8309559,-118.1341272,Unnamed Parking Structure,Unknown,Unknown,Unknown
33.830956,-118.1341112,Unnamed Parking Structure,Unknown,Unknown,Unknown
33.8310207,-118.1341116,Unnamed Parking Structure,Unknown,Unknown,Unknown
33.7848761,-118.1161015,Unnamed Parking Structure,Unknown,Unknown,Unknown
33.7847539,-118.1160999,Unnamed Parking Structure,Unknown,Unknown,Unknown
33.7847541,-118.1161379,Unnamed Parking Structure,Unknown,Unknown,Unknown
33.7847697,-118.1160998,Unnamed Parking Structure,Unknown,Unknown,Unknown
33.7848404,-118.1161014,Unnamed Parking Structure,Unknown,Unknown,Unknown
33.7848406,-118.1161373,Unnamed Parking Structure,Unknown,Unknown,Unknown
33.7854862,-118.1160984,Unnamed Parking Structure,Unknown,Unknown,Unknown
33.7854853,-118.1161353,Unnamed Parking Structure,Unknown,Unknown,Unknown
33.7855708,-118.1161037,Unnamed Parking Structure,Unknown,Unknown,Unknown
33.7855699,-118.1161347,Unnamed Parking Structure,Unknown,Unknown,Unknown
33.7867724,-118.1161007,Unnamed Parking Structure,Unknown,Unknown,Unknown
33.786771,-118.1161294,Unnamed Parking Structure,Unknown,Unknown,Unknown
33.786861,-118.1161288,Unnamed Parking Structure,Unknown,Unknown,Unknown
33.7861474,-118.1161004,Unnamed Parking Structure,Unknown,Unknown,Unknown
33.7868603,-118.1159905,Unnamed Parking Structure,Unknown,Unknown,Unknown
33.7868593,-118.115807,Unnamed Parking Structure,Unknown,Unknown,Unknown
33.7868584,-118.115625,Unnamed Parking Structure,Unknown,Unknown,Unknown
33.7847443,-118.1153242,Unnamed Parking Structure,Unknown,Unknown,Unknown
33.7847454,-118.1154254,Unnamed Parking Structure,Unknown,Unknown,Unknown
33.7847676,-118.1154266,Unnamed Parking Structure,Unknown,Unknown,Unknown
33.7848713,-118.115322,Unnamed Parking Structure,Unknown,Unknown,Unknown
33.7848731,-118.1153513,Unnamed Parking Structure,Unknown,Unknown,Unknown
33.785484,-118.1153158,Unnamed Parking Structure,Unknown,Unknown,Unknown
33.7854827,-118.1153457,Unnamed Parking Structure,Unknown,Unknown,Unknown
33.785608,-118.1153157,Unnamed Parking Structure,Unknown,Unknown,Unknown
33.7855936,-118.109838,Unnamed Parking Structure,Unknown,Unknown,Unknown
33.7855949,-118.1090174,Unnamed Parking Structure,Unknown,Unknown,Unknown
33.7856097,-118.1153513,Unnamed Parking Structure,Unknown,Unknown,Unknown
33.785644,-118.1090175,Unnamed Parking Structure,Unknown,Unknown,Unknown
33.7856455,-118.1099076,Unnamed Parking Structure,Unknown,Unknown,Unknown
33.7856456,-118.1098382,Unnamed Parking Structure,Unknown,Unknown,Unknown
33.7861415,-118.1153118,Unnamed Parking Structure,Unknown,Unknown,Unknown
33.7861422,-118.1153467,Unnamed Parking Structure,Unknown,Unknown,Unknown
33.7862276,-118.1153095,Unnamed Parking Structure,Unknown,Unknown,Unknown
33.7862278,-118.1153493,Unnamed Parking Structure,Unknown,Unknown,Unknown
33.7865932,-118.1099097,Unnamed Parking Structure,Unknown,Unknown,Unknown
33.7865996,-118.109018,Unnamed Parking Structure,Unknown,Unknown,Unknown
33.7866466,-118.1097788,Unnamed Parking Structure,Unknown,Unknown,Unknown
33.7866478,-118.1090181,Unnamed Parking Structure,Unknown,Unknown,Unknown
33.7867478,-118.1153051,Unnamed Parking Structure,Unknown,Unknown,Unknown
33.7867486,-118.1153454,Unnamed Parking Structure,Unknown,Unknown,Unknown
33.7868843,-118.1153064,Unnamed Parking Structure,Unknown,Unknown,Unknown
33.7868572,-118.115413,Unnamed Parking Structure,Unknown,Unknown,Unknown
33.7868861,-118.1154137,Unnamed Parking Structure,Unknown,Unknown,Unknown
33.7865934,-118.1097787,Unnamed Parking Structure,Unknown,Unknown,Unknown
33.7869219,-118.1097809,Unnamed Parking Structure,Unknown,Unknown,Unknown
33.7868546,-118.109433,Unnamed Parking Structure,Unknown,Unknown,Unknown
33.7868548,-118.109615,Unnamed Parking Structure,Unknown,Unknown,Unknown
33.7866504,-118.109617,Unnamed Parking Structure,Unknown,Unknown,Unknown
33.7866479,-118.109433,Unnamed Parking Structure,Unknown,Unknown,Unknown
33.7855939,-118.109619,Unnamed Parking Structure,Unknown,Unknown,Unknown
33.7865951,-118.1099067,Unnamed Parking Structure,Unknown,Unknown,Unknown
33.7868574,-118.115443,Unnamed Parking Structure,Unknown,Unknown,Unknown
33.7868551,-118.1095544,Unnamed Parking Structure,Unknown,Unknown,Unknown
33.7855948,-118.1090585,Unnamed Parking Structure,Unknown,Unknown,Unknown
33.7868549,-118.109651,Unnamed Parking Structure,Unknown,Unknown,Unknown
33.7868552,-118.1093527,Unnamed Parking Structure,Unknown,Unknown,Unknown
33.7866475,-118.109262,Unnamed Parking Structure,Unknown,Unknown,Unknown
33.7866492,-118.109629,Unnamed Parking Structure,Unknown,Unknown,Unknown
33.7869236,-118.1098355,Unnamed Parking Structure,Unknown,Unknown,Unknown
33.7868522,-118.109771,Unnamed Parking Structure,Unknown,Unknown,Unknown
33.7869231,-118.109819,Unnamed Parking Structure,Unknown,Unknown,Unknown
33.7858044,-118.1099073,Unnamed Parking Structure,Unknown,Unknown,Unknown
33.7856813,-118.1099071,Unnamed Parking Structure,Unknown,Unknown,Unknown
33.7865443,-118.1099111,Unnamed Parking Structure,Unknown,Unknown,Unknown
33.7868549,-118.109682,Unnamed Parking Structure,Unknown,Unknown,Unknown
33.7866487,-118.109683,Unnamed Parking Structure,Unknown,Unknown,Unknown
33.7855945,-118.1092615,Unnamed Parking Structure,Unknown,Unknown,Unknown
33.7879049,-118.109765,Unnamed Parking Structure,Unknown,Unknown,Unknown
33.7879402,-118.1097667,Unnamed Parking Structure,Unknown,Unknown,Unknown
33.7879002,-118.1098236,Unnamed Parking Structure,Unknown,Unknown,Unknown
33.7879373,-118.1092375,Unnamed Parking Structure,Unknown,Unknown,Unknown
33.7879369,-118.109172,Unnamed Parking Structure,Unknown,Unknown,Unknown
33.7879363,-118.10905,Unnamed Parking Structure,Unknown,Unknown,Unknown
33.7874436,-118.109829,Unnamed Parking Structure,Unknown,Unknown,Unknown
33.7869284,-118.1089559,Unnamed Parking Structure,Unknown,Unknown,Unknown
33.7856441,-118.1089504,Unnamed Parking Structure,Unknown,Unknown,Unknown
33.7865998,-118.1089526,Unnamed Parking Structure,Unknown,Unknown,Unknown
33.786169,-118.108951,Unnamed Parking Structure,Unknown,Unknown,Unknown
33.7869295,-118.1088931,Unnamed Parking Structure,Unknown,Unknown,Unknown
33.7868622,-118.1089585,Unnamed Parking Structure,Unknown,Unknown,Unknown
33.7878933,-118.10895,Unnamed Parking Structure,Unknown,Unknown,Unknown
33.7879357,-118.1089465,Unnamed Parking Structure,Unknown,Unknown,Unknown
33.7878894,-118.1088976,Unnamed Parking Structure,Unknown,Unknown,Unknown
